{
	"partitions" : [
		{
			"name" : "Top",
			"pins" : [
				{
					"name" : "row[0]",
					"strict" : false
				},
				{
					"name" : "row[1]",
					"strict" : false
				},
				{
					"name" : "row[2]",
					"strict" : false
				},
				{
					"name" : "row[3]",
					"strict" : false
				},
				{
					"name" : "beeper",
					"strict" : false
				},
				{
					"name" : "clk",
					"strict" : false
				},
				{
					"name" : "rst_n",
					"strict" : false
				},
				{
					"name" : "col[3]",
					"strict" : false
				},
				{
					"name" : "col[0]",
					"strict" : false
				},
				{
					"name" : "col[2]",
					"strict" : false
				},
				{
					"name" : "col[1]",
					"strict" : false
				}
			]
		}
	]
}