{
	"partitions" : [
		{
			"name" : "Top",
			"pins" : [
				{
					"name" : "row[0]",
					"strict" : false
				},
				{
					"name" : "row[1]",
					"strict" : false
				},
				{
					"name" : "row[2]",
					"strict" : false
				},
				{
					"name" : "row[3]",
					"strict" : false
				},
				{
					"name" : "lcd_rst",
					"strict" : false
				},
				{
					"name" : "lcd_dc",
					"strict" : false
				},
				{
					"name" : "lcd_sclk",
					"strict" : false
				},
				{
					"name" : "lcd_mosi",
					"strict" : false
				},
				{
					"name" : "lcd_cs",
					"strict" : false
				},
				{
					"name" : "led[0]",
					"strict" : false
				},
				{
					"name" : "led[1]",
					"strict" : false
				},
				{
					"name" : "led[2]",
					"strict" : false
				},
				{
					"name" : "led[3]",
					"strict" : false
				},
				{
					"name" : "led[4]",
					"strict" : false
				},
				{
					"name" : "led[5]",
					"strict" : false
				},
				{
					"name" : "led[6]",
					"strict" : false
				},
				{
					"name" : "led[7]",
					"strict" : false
				},
				{
					"name" : "rst_n",
					"strict" : false
				},
				{
					"name" : "clk",
					"strict" : false
				},
				{
					"name" : "col[0]",
					"strict" : false
				},
				{
					"name" : "col[1]",
					"strict" : false
				},
				{
					"name" : "col[2]",
					"strict" : false
				},
				{
					"name" : "col[3]",
					"strict" : false
				}
			]
		}
	]
}