<?xml version="1.0" encoding="UTF-8"?>
<BaliMessageLog>
    <Task name="Bitgen">
        <Message>
            <ID>1009992</ID>
            <Severity>Info</Severity>
            <Dynamic> SW_XO3D_SECURITY_ENCRYPTION *NOT* controlled by xo2c00.acd ###</Dynamic>
        </Message>
        <Message>
            <ID>1009992</ID>
            <Severity>Info</Severity>
            <Dynamic> SW_XO3D_SECURITY_ENCRYPTION license_securityIP OK</Dynamic>
        </Message>
    </Task>
    <Task name="MapVerilogSimFile">
        <Message>
            <ID>35400250</ID>
            <Severity>Info</Severity>
            <Dynamic>0</Dynamic>
        </Message>
    </Task>
    <Task name="MapVHDLSimFile">
        <Message>
            <ID>35400250</ID>
            <Severity>Info</Severity>
            <Dynamic>0</Dynamic>
        </Message>
    </Task>
    <Task name="IBIS">
        <Message>
            <ID>1191031</ID>
            <Severity>Info</Severity>
        </Message>
    </Task>
    <Task name="Lattice_Synthesis">
        <Message>
            <ID>35002000</ID>
            <Severity>Info</Severity>
        </Message>
        <Message>
            <ID>35001781</ID>
            <Severity>Info</Severity>
        </Message>
        <Message>
            <ID>35901199</ID>
            <Severity>Warning</Severity>
            <Dynamic>e:/code/fpga/ballplayer/ballplayer_impl/source/lcd/lcd_init.v(44): </Dynamic>
            <Dynamic>lcd_init</Dynamic>
            <Navigation>e:/code/fpga/ballplayer/ballplayer_impl/source/lcd/lcd_init.v</Navigation>
            <Navigation>44</Navigation>
        </Message>
        <Message>
            <ID>35901199</ID>
            <Severity>Warning</Severity>
            <Dynamic>e:/code/fpga/ballplayer/ballplayer_impl/source/lcd/lcd_init.v(53): </Dynamic>
            <Dynamic>lcd_init</Dynamic>
            <Navigation>e:/code/fpga/ballplayer/ballplayer_impl/source/lcd/lcd_init.v</Navigation>
            <Navigation>53</Navigation>
        </Message>
        <Message>
            <ID>35901372</ID>
            <Severity>Warning</Severity>
            <Dynamic>e:/code/fpga/ballplayer/ballplayer_impl/source/template.v(93): </Dynamic>
            <Dynamic>led</Dynamic>
            <Navigation>e:/code/fpga/ballplayer/ballplayer_impl/source/template.v</Navigation>
            <Navigation>93</Navigation>
        </Message>
        <Message>
            <ID>35901018</ID>
            <Severity>Info</Severity>
            <Dynamic>e:/code/fpga/ballplayer/ballplayer_impl/source/template.v(1): </Dynamic>
            <Dynamic>template</Dynamic>
            <Navigation>e:/code/fpga/ballplayer/ballplayer_impl/source/template.v</Navigation>
            <Navigation>1</Navigation>
        </Message>
        <Message>
            <ID>35901018</ID>
            <Severity>Info</Severity>
            <Dynamic>e:/code/fpga/ballplayer/ballplayer_impl/source/pll24m/pll24m.v(8): </Dynamic>
            <Dynamic>PLL24M</Dynamic>
            <Navigation>e:/code/fpga/ballplayer/ballplayer_impl/source/pll24m/pll24m.v</Navigation>
            <Navigation>8</Navigation>
        </Message>
        <Message>
            <ID>35901018</ID>
            <Severity>Info</Severity>
            <Dynamic>E:/software/Diamond/ispfpga/userware/NT/SYNTHESIS_HEADERS/machxo2.v(1124): </Dynamic>
            <Dynamic>VLO</Dynamic>
            <Navigation>E:/software/Diamond/ispfpga/userware/NT/SYNTHESIS_HEADERS/machxo2.v</Navigation>
            <Navigation>1124</Navigation>
        </Message>
        <Message>
            <ID>35901018</ID>
            <Severity>Info</Severity>
            <Dynamic>E:/software/Diamond/ispfpga/userware/NT/SYNTHESIS_HEADERS/machxo2.v(1730): </Dynamic>
            <Dynamic>EHXPLLJ(CLKFB_DIV=2,CLKOP_DIV=22,CLKOS_DIV=1,CLKOS2_DIV=1,CLKOS3_DIV=1,CLKOS_ENABLE=&quot;DISABLED&quot;,CLKOS2_ENABLE=&quot;DISABLED&quot;,CLKOS3_ENABLE=&quot;DISABLED&quot;,CLKOP_CPHASE=21,CLKOS_TRIM_POL=&quot;FALLING&quot;)</Dynamic>
            <Navigation>E:/software/Diamond/ispfpga/userware/NT/SYNTHESIS_HEADERS/machxo2.v</Navigation>
            <Navigation>1730</Navigation>
        </Message>
        <Message>
            <ID>35901018</ID>
            <Severity>Info</Severity>
            <Dynamic>e:/code/fpga/ballplayer/ballplayer_impl/source/adc081s101_driver.v(18): </Dynamic>
            <Dynamic>adc081s101_driver</Dynamic>
            <Navigation>e:/code/fpga/ballplayer/ballplayer_impl/source/adc081s101_driver.v</Navigation>
            <Navigation>18</Navigation>
        </Message>
        <Message>
            <ID>35901018</ID>
            <Severity>Info</Severity>
            <Dynamic>e:/code/fpga/ballplayer/ballplayer_impl/source/adjuster.v(1): </Dynamic>
            <Dynamic>adjuster</Dynamic>
            <Navigation>e:/code/fpga/ballplayer/ballplayer_impl/source/adjuster.v</Navigation>
            <Navigation>1</Navigation>
        </Message>
        <Message>
            <ID>35901018</ID>
            <Severity>Info</Severity>
            <Dynamic>e:/code/fpga/ballplayer/ballplayer_impl/source/debounce.v(18): </Dynamic>
            <Dynamic>debounce(N=2)</Dynamic>
            <Navigation>e:/code/fpga/ballplayer/ballplayer_impl/source/debounce.v</Navigation>
            <Navigation>18</Navigation>
        </Message>
        <Message>
            <ID>35901209</ID>
            <Severity>Warning</Severity>
            <Dynamic>e:/code/fpga/ballplayer/ballplayer_impl/source/adjuster.v(22): </Dynamic>
            <Dynamic>32</Dynamic>
            <Dynamic>2</Dynamic>
            <Navigation>e:/code/fpga/ballplayer/ballplayer_impl/source/adjuster.v</Navigation>
            <Navigation>22</Navigation>
        </Message>
        <Message>
            <ID>35901209</ID>
            <Severity>Warning</Severity>
            <Dynamic>e:/code/fpga/ballplayer/ballplayer_impl/source/adjuster.v(24): </Dynamic>
            <Dynamic>32</Dynamic>
            <Dynamic>2</Dynamic>
            <Navigation>e:/code/fpga/ballplayer/ballplayer_impl/source/adjuster.v</Navigation>
            <Navigation>24</Navigation>
        </Message>
        <Message>
            <ID>35901018</ID>
            <Severity>Info</Severity>
            <Dynamic>e:/code/fpga/ballplayer/ballplayer_impl/source/segment.v(18): </Dynamic>
            <Dynamic>segment</Dynamic>
            <Navigation>e:/code/fpga/ballplayer/ballplayer_impl/source/segment.v</Navigation>
            <Navigation>18</Navigation>
        </Message>
        <Message>
            <ID>35931002</ID>
            <Severity>Warning</Severity>
            <Dynamic>e:/code/fpga/ballplayer/ballplayer_impl/source/segment.v(25): </Dynamic>
            <Dynamic>seg</Dynamic>
            <Navigation>e:/code/fpga/ballplayer/ballplayer_impl/source/segment.v</Navigation>
            <Navigation>25</Navigation>
        </Message>
        <Message>
            <ID>35901330</ID>
            <Severity>Warning</Severity>
            <Dynamic>e:/code/fpga/ballplayer/ballplayer_impl/source/adjuster.v(28): </Dynamic>
            <Dynamic>32</Dynamic>
            <Dynamic>4</Dynamic>
            <Dynamic>seg_data_1</Dynamic>
            <Navigation>e:/code/fpga/ballplayer/ballplayer_impl/source/adjuster.v</Navigation>
            <Navigation>28</Navigation>
        </Message>
        <Message>
            <ID>35901330</ID>
            <Severity>Warning</Severity>
            <Dynamic>e:/code/fpga/ballplayer/ballplayer_impl/source/adjuster.v(28): </Dynamic>
            <Dynamic>32</Dynamic>
            <Dynamic>4</Dynamic>
            <Dynamic>seg_data_2</Dynamic>
            <Navigation>e:/code/fpga/ballplayer/ballplayer_impl/source/adjuster.v</Navigation>
            <Navigation>28</Navigation>
        </Message>
        <Message>
            <ID>35901018</ID>
            <Severity>Info</Severity>
            <Dynamic>e:/code/fpga/ballplayer/ballplayer_impl/source/rpr0521rs_driver.v(18): </Dynamic>
            <Dynamic>rpr0521rs_driver</Dynamic>
            <Navigation>e:/code/fpga/ballplayer/ballplayer_impl/source/rpr0521rs_driver.v</Navigation>
            <Navigation>18</Navigation>
        </Message>
        <Message>
            <ID>35901018</ID>
            <Severity>Info</Severity>
            <Dynamic>e:/code/fpga/ballplayer/ballplayer_impl/source/hand_control.v(1): </Dynamic>
            <Dynamic>hand_control</Dynamic>
            <Navigation>e:/code/fpga/ballplayer/ballplayer_impl/source/hand_control.v</Navigation>
            <Navigation>1</Navigation>
        </Message>
        <Message>
            <ID>35901018</ID>
            <Severity>Info</Severity>
            <Dynamic>e:/code/fpga/ballplayer/ballplayer_impl/source/jumping.v(1): </Dynamic>
            <Dynamic>jumping</Dynamic>
            <Navigation>e:/code/fpga/ballplayer/ballplayer_impl/source/jumping.v</Navigation>
            <Navigation>1</Navigation>
        </Message>
        <Message>
            <ID>35901018</ID>
            <Severity>Info</Severity>
            <Dynamic>e:/code/fpga/ballplayer/ballplayer_impl/source/fre_div.v(1): </Dynamic>
            <Dynamic>fre_div(N=219089)</Dynamic>
            <Navigation>e:/code/fpga/ballplayer/ballplayer_impl/source/fre_div.v</Navigation>
            <Navigation>1</Navigation>
        </Message>
        <Message>
            <ID>35901209</ID>
            <Severity>Warning</Severity>
            <Dynamic>e:/code/fpga/ballplayer/ballplayer_impl/source/fre_div.v(25): </Dynamic>
            <Dynamic>32</Dynamic>
            <Dynamic>24</Dynamic>
            <Navigation>e:/code/fpga/ballplayer/ballplayer_impl/source/fre_div.v</Navigation>
            <Navigation>25</Navigation>
        </Message>
        <Message>
            <ID>35901209</ID>
            <Severity>Warning</Severity>
            <Dynamic>e:/code/fpga/ballplayer/ballplayer_impl/source/jumping.v(67): </Dynamic>
            <Dynamic>15</Dynamic>
            <Dynamic>9</Dynamic>
            <Navigation>e:/code/fpga/ballplayer/ballplayer_impl/source/jumping.v</Navigation>
            <Navigation>67</Navigation>
        </Message>
        <Message>
            <ID>35901209</ID>
            <Severity>Warning</Severity>
            <Dynamic>e:/code/fpga/ballplayer/ballplayer_impl/source/jumping.v(81): </Dynamic>
            <Dynamic>32</Dynamic>
            <Dynamic>15</Dynamic>
            <Navigation>e:/code/fpga/ballplayer/ballplayer_impl/source/jumping.v</Navigation>
            <Navigation>81</Navigation>
        </Message>
        <Message>
            <ID>35901209</ID>
            <Severity>Warning</Severity>
            <Dynamic>e:/code/fpga/ballplayer/ballplayer_impl/source/jumping.v(101): </Dynamic>
            <Dynamic>32</Dynamic>
            <Dynamic>6</Dynamic>
            <Navigation>e:/code/fpga/ballplayer/ballplayer_impl/source/jumping.v</Navigation>
            <Navigation>101</Navigation>
        </Message>
        <Message>
            <ID>35901209</ID>
            <Severity>Warning</Severity>
            <Dynamic>e:/code/fpga/ballplayer/ballplayer_impl/source/jumping.v(122): </Dynamic>
            <Dynamic>29</Dynamic>
            <Dynamic>11</Dynamic>
            <Navigation>e:/code/fpga/ballplayer/ballplayer_impl/source/jumping.v</Navigation>
            <Navigation>122</Navigation>
        </Message>
        <Message>
            <ID>35901209</ID>
            <Severity>Warning</Severity>
            <Dynamic>e:/code/fpga/ballplayer/ballplayer_impl/source/jumping.v(144): </Dynamic>
            <Dynamic>15</Dynamic>
            <Dynamic>9</Dynamic>
            <Navigation>e:/code/fpga/ballplayer/ballplayer_impl/source/jumping.v</Navigation>
            <Navigation>144</Navigation>
        </Message>
        <Message>
            <ID>35901209</ID>
            <Severity>Warning</Severity>
            <Dynamic>e:/code/fpga/ballplayer/ballplayer_impl/source/jumping.v(145): </Dynamic>
            <Dynamic>32</Dynamic>
            <Dynamic>15</Dynamic>
            <Navigation>e:/code/fpga/ballplayer/ballplayer_impl/source/jumping.v</Navigation>
            <Navigation>145</Navigation>
        </Message>
        <Message>
            <ID>35901209</ID>
            <Severity>Warning</Severity>
            <Dynamic>e:/code/fpga/ballplayer/ballplayer_impl/source/template.v(124): </Dynamic>
            <Dynamic>32</Dynamic>
            <Dynamic>9</Dynamic>
            <Navigation>e:/code/fpga/ballplayer/ballplayer_impl/source/template.v</Navigation>
            <Navigation>124</Navigation>
        </Message>
        <Message>
            <ID>35901018</ID>
            <Severity>Info</Severity>
            <Dynamic>e:/code/fpga/ballplayer/ballplayer_impl/source/lcd/lcd.v(1): </Dynamic>
            <Dynamic>lcd</Dynamic>
            <Navigation>e:/code/fpga/ballplayer/ballplayer_impl/source/lcd/lcd.v</Navigation>
            <Navigation>1</Navigation>
        </Message>
        <Message>
            <ID>35901018</ID>
            <Severity>Info</Severity>
            <Dynamic>e:/code/fpga/ballplayer/ballplayer_impl/source/pll/pll.v(8): </Dynamic>
            <Dynamic>pll</Dynamic>
            <Navigation>e:/code/fpga/ballplayer/ballplayer_impl/source/pll/pll.v</Navigation>
            <Navigation>8</Navigation>
        </Message>
        <Message>
            <ID>35901018</ID>
            <Severity>Info</Severity>
            <Dynamic>E:/software/Diamond/ispfpga/userware/NT/SYNTHESIS_HEADERS/machxo2.v(1730): </Dynamic>
            <Dynamic>EHXPLLJ(CLKFB_DIV=8,CLKOP_DIV=5,CLKOS_DIV=1,CLKOS2_DIV=1,CLKOS3_DIV=1,CLKOS_ENABLE=&quot;DISABLED&quot;,CLKOS2_ENABLE=&quot;DISABLED&quot;,CLKOS3_ENABLE=&quot;DISABLED&quot;,CLKOP_CPHASE=4,CLKOS_TRIM_POL=&quot;FALLING&quot;)</Dynamic>
            <Navigation>E:/software/Diamond/ispfpga/userware/NT/SYNTHESIS_HEADERS/machxo2.v</Navigation>
            <Navigation>1730</Navigation>
        </Message>
        <Message>
            <ID>35901018</ID>
            <Severity>Info</Severity>
            <Dynamic>e:/code/fpga/ballplayer/ballplayer_impl/source/lcd/lcd_write.v(1): </Dynamic>
            <Dynamic>lcd_write</Dynamic>
            <Navigation>e:/code/fpga/ballplayer/ballplayer_impl/source/lcd/lcd_write.v</Navigation>
            <Navigation>1</Navigation>
        </Message>
        <Message>
            <ID>35901018</ID>
            <Severity>Info</Severity>
            <Dynamic>e:/code/fpga/ballplayer/ballplayer_impl/source/lcd/control.v(1): </Dynamic>
            <Dynamic>control</Dynamic>
            <Navigation>e:/code/fpga/ballplayer/ballplayer_impl/source/lcd/control.v</Navigation>
            <Navigation>1</Navigation>
        </Message>
        <Message>
            <ID>35901209</ID>
            <Severity>Warning</Severity>
            <Dynamic>e:/code/fpga/ballplayer/ballplayer_impl/source/lcd/control.v(78): </Dynamic>
            <Dynamic>32</Dynamic>
            <Dynamic>4</Dynamic>
            <Navigation>e:/code/fpga/ballplayer/ballplayer_impl/source/lcd/control.v</Navigation>
            <Navigation>78</Navigation>
        </Message>
        <Message>
            <ID>35901209</ID>
            <Severity>Warning</Severity>
            <Dynamic>e:/code/fpga/ballplayer/ballplayer_impl/source/lcd/control.v(85): </Dynamic>
            <Dynamic>32</Dynamic>
            <Dynamic>4</Dynamic>
            <Navigation>e:/code/fpga/ballplayer/ballplayer_impl/source/lcd/control.v</Navigation>
            <Navigation>85</Navigation>
        </Message>
        <Message>
            <ID>35901018</ID>
            <Severity>Info</Severity>
            <Dynamic>e:/code/fpga/ballplayer/ballplayer_impl/source/lcd/lcd_init.v(3): </Dynamic>
            <Dynamic>lcd_init</Dynamic>
            <Navigation>e:/code/fpga/ballplayer/ballplayer_impl/source/lcd/lcd_init.v</Navigation>
            <Navigation>3</Navigation>
        </Message>
        <Message>
            <ID>35901018</ID>
            <Severity>Info</Severity>
            <Dynamic>e:/code/fpga/ballplayer/ballplayer_impl/source/lcd/lcd_show_pic.v(2): </Dynamic>
            <Dynamic>lcd_show_pic</Dynamic>
            <Navigation>e:/code/fpga/ballplayer/ballplayer_impl/source/lcd/lcd_show_pic.v</Navigation>
            <Navigation>2</Navigation>
        </Message>
        <Message>
            <ID>35901018</ID>
            <Severity>Info</Severity>
            <Dynamic>e:/code/fpga/ballplayer/ballplayer_impl/source/lcd/draw_line.v(1): </Dynamic>
            <Dynamic>draw_line</Dynamic>
            <Navigation>e:/code/fpga/ballplayer/ballplayer_impl/source/lcd/draw_line.v</Navigation>
            <Navigation>1</Navigation>
        </Message>
        <Message>
            <ID>35901018</ID>
            <Severity>Info</Severity>
            <Dynamic>e:/code/fpga/ballplayer/ballplayer_impl/source/lcd/pos_edge_detect.v(1): </Dynamic>
            <Dynamic>edge_detect</Dynamic>
            <Navigation>e:/code/fpga/ballplayer/ballplayer_impl/source/lcd/pos_edge_detect.v</Navigation>
            <Navigation>1</Navigation>
        </Message>
        <Message>
            <ID>35901018</ID>
            <Severity>Info</Severity>
            <Dynamic>e:/code/fpga/ballplayer/ballplayer_impl/source/lcd/lcd_draw_line.v(1): </Dynamic>
            <Dynamic>lcd_draw_line(COLOR=16'b1111111111111111,SIZE_LENGTH_MAX=3'b111)</Dynamic>
            <Navigation>e:/code/fpga/ballplayer/ballplayer_impl/source/lcd/lcd_draw_line.v</Navigation>
            <Navigation>1</Navigation>
        </Message>
        <Message>
            <ID>35901018</ID>
            <Severity>Info</Severity>
            <Dynamic>e:/code/fpga/ballplayer/ballplayer_impl/source/lcd/lcd_draw_line.v(1): </Dynamic>
            <Dynamic>lcd_draw_line(COLOR=16'b1011110001000000,SIZE_LENGTH_MAX=1'b0)</Dynamic>
            <Navigation>e:/code/fpga/ballplayer/ballplayer_impl/source/lcd/lcd_draw_line.v</Navigation>
            <Navigation>1</Navigation>
        </Message>
        <Message>
            <ID>35901018</ID>
            <Severity>Info</Severity>
            <Dynamic>e:/code/fpga/ballplayer/ballplayer_impl/source/lcd/pic_ram.v(2): </Dynamic>
            <Dynamic>pic_ram</Dynamic>
            <Navigation>e:/code/fpga/ballplayer/ballplayer_impl/source/lcd/pic_ram.v</Navigation>
            <Navigation>2</Navigation>
        </Message>
        <Message>
            <ID>35931002</ID>
            <Severity>Warning</Severity>
            <Dynamic>e:/code/fpga/ballplayer/ballplayer_impl/source/template.v(56): </Dynamic>
            <Dynamic>over_flag</Dynamic>
            <Navigation>e:/code/fpga/ballplayer/ballplayer_impl/source/template.v</Navigation>
            <Navigation>56</Navigation>
        </Message>
        <Message>
            <ID>35931038</ID>
            <Severity>Warning</Severity>
            <Dynamic>e:/code/fpga/ballplayer/ballplayer_impl/source/segment.v(25): </Dynamic>
            <Dynamic>seg_original_ramnet</Dynamic>
            <Navigation>e:/code/fpga/ballplayer/ballplayer_impl/source/segment.v</Navigation>
            <Navigation>25</Navigation>
        </Message>
        <Message>
            <ID>35001774</ID>
            <Severity>Info</Severity>
            <Dynamic>\lcd1/lcd_write_inst/cnt1</Dynamic>
            <Dynamic>one-hot</Dynamic>
        </Message>
        <Message>
            <ID>35001774</ID>
            <Severity>Info</Severity>
            <Dynamic>\lcd1/lcd_write_inst/state</Dynamic>
            <Dynamic>one-hot</Dynamic>
        </Message>
        <Message>
            <ID>35001774</ID>
            <Severity>Info</Severity>
            <Dynamic>\lcd1/control_inst/state</Dynamic>
            <Dynamic>one-hot</Dynamic>
        </Message>
        <Message>
            <ID>35001774</ID>
            <Severity>Info</Severity>
            <Dynamic>\lcd1/lcd_init_inst/state</Dynamic>
            <Dynamic>one-hot</Dynamic>
        </Message>
        <Message>
            <ID>35001774</ID>
            <Severity>Info</Severity>
            <Dynamic>\lcd1/lcd_show_pic_inst/state</Dynamic>
            <Dynamic>one-hot</Dynamic>
        </Message>
        <Message>
            <ID>35001774</ID>
            <Severity>Info</Severity>
            <Dynamic>\lcd1/lcd_draw_line_inst/lcd_draw_white_line_inst/state</Dynamic>
            <Dynamic>one-hot</Dynamic>
        </Message>
        <Message>
            <ID>35001774</ID>
            <Severity>Info</Severity>
            <Dynamic>\lcd1/lcd_draw_line_inst/lcd_draw_brown_line_inst/state</Dynamic>
            <Dynamic>one-hot</Dynamic>
        </Message>
        <Message>
            <ID>35001747</ID>
            <Severity>Warning</Severity>
            <Dynamic>8</Dynamic>
            <Dynamic>\lcd1/lcd_draw_line_inst/lcd_draw_brown_line_inst/cnt_length_num</Dynamic>
        </Message>
        <Message>
            <ID>35001747</ID>
            <Severity>Warning</Severity>
            <Dynamic>7</Dynamic>
            <Dynamic>\lcd1/lcd_draw_line_inst/lcd_draw_brown_line_inst/cnt_length_num</Dynamic>
        </Message>
        <Message>
            <ID>35001747</ID>
            <Severity>Warning</Severity>
            <Dynamic>6</Dynamic>
            <Dynamic>\lcd1/lcd_draw_line_inst/lcd_draw_brown_line_inst/cnt_length_num</Dynamic>
        </Message>
        <Message>
            <ID>35001747</ID>
            <Severity>Warning</Severity>
            <Dynamic>5</Dynamic>
            <Dynamic>\lcd1/lcd_draw_line_inst/lcd_draw_brown_line_inst/cnt_length_num</Dynamic>
        </Message>
        <Message>
            <ID>35001747</ID>
            <Severity>Warning</Severity>
            <Dynamic>4</Dynamic>
            <Dynamic>\lcd1/lcd_draw_line_inst/lcd_draw_brown_line_inst/cnt_length_num</Dynamic>
        </Message>
        <Message>
            <ID>35001747</ID>
            <Severity>Warning</Severity>
            <Dynamic>3</Dynamic>
            <Dynamic>\lcd1/lcd_draw_line_inst/lcd_draw_brown_line_inst/cnt_length_num</Dynamic>
        </Message>
        <Message>
            <ID>35001747</ID>
            <Severity>Warning</Severity>
            <Dynamic>2</Dynamic>
            <Dynamic>\lcd1/lcd_draw_line_inst/lcd_draw_brown_line_inst/cnt_length_num</Dynamic>
        </Message>
        <Message>
            <ID>35001747</ID>
            <Severity>Warning</Severity>
            <Dynamic>1</Dynamic>
            <Dynamic>\lcd1/lcd_draw_line_inst/lcd_draw_brown_line_inst/cnt_length_num</Dynamic>
        </Message>
        <Message>
            <ID>35001747</ID>
            <Severity>Warning</Severity>
            <Dynamic>0</Dynamic>
            <Dynamic>\lcd1/lcd_draw_line_inst/lcd_draw_brown_line_inst/cnt_length_num</Dynamic>
        </Message>
        <Message>
            <ID>35931002</ID>
            <Severity>Warning</Severity>
            <Dynamic></Dynamic>
            <Dynamic>\/a0[8]</Dynamic>
        </Message>
        <Message>
            <ID>35931002</ID>
            <Severity>Warning</Severity>
            <Dynamic></Dynamic>
            <Dynamic>\/a2[4]</Dynamic>
        </Message>
        <Message>
            <ID>35931002</ID>
            <Severity>Warning</Severity>
            <Dynamic></Dynamic>
            <Dynamic>\/a0[1]</Dynamic>
        </Message>
        <Message>
            <ID>35931002</ID>
            <Severity>Warning</Severity>
            <Dynamic></Dynamic>
            <Dynamic>\/a0[7]</Dynamic>
        </Message>
        <Message>
            <ID>35931002</ID>
            <Severity>Warning</Severity>
            <Dynamic></Dynamic>
            <Dynamic>\/a2[0]</Dynamic>
        </Message>
        <Message>
            <ID>35931002</ID>
            <Severity>Warning</Severity>
            <Dynamic></Dynamic>
            <Dynamic>\/a0[2]</Dynamic>
        </Message>
        <Message>
            <ID>35931002</ID>
            <Severity>Warning</Severity>
            <Dynamic></Dynamic>
            <Dynamic>\/a2[6]</Dynamic>
        </Message>
        <Message>
            <ID>35931002</ID>
            <Severity>Warning</Severity>
            <Dynamic></Dynamic>
            <Dynamic>\/a1[8]</Dynamic>
        </Message>
        <Message>
            <ID>35931002</ID>
            <Severity>Warning</Severity>
            <Dynamic></Dynamic>
            <Dynamic>\/a2[8]</Dynamic>
        </Message>
        <Message>
            <ID>35931002</ID>
            <Severity>Warning</Severity>
            <Dynamic></Dynamic>
            <Dynamic>\/a0[3]</Dynamic>
        </Message>
        <Message>
            <ID>35931002</ID>
            <Severity>Warning</Severity>
            <Dynamic></Dynamic>
            <Dynamic>\/a2[2]</Dynamic>
        </Message>
        <Message>
            <ID>35931002</ID>
            <Severity>Warning</Severity>
            <Dynamic></Dynamic>
            <Dynamic>\/a2[5]</Dynamic>
        </Message>
        <Message>
            <ID>35931002</ID>
            <Severity>Warning</Severity>
            <Dynamic></Dynamic>
            <Dynamic>\/a2[1]</Dynamic>
        </Message>
        <Message>
            <ID>35931002</ID>
            <Severity>Warning</Severity>
            <Dynamic></Dynamic>
            <Dynamic>\/a1[3]</Dynamic>
        </Message>
        <Message>
            <ID>35931002</ID>
            <Severity>Warning</Severity>
            <Dynamic></Dynamic>
            <Dynamic>\/a0[4]</Dynamic>
        </Message>
        <Message>
            <ID>35931002</ID>
            <Severity>Warning</Severity>
            <Dynamic></Dynamic>
            <Dynamic>\/a1[7]</Dynamic>
        </Message>
        <Message>
            <ID>35931002</ID>
            <Severity>Warning</Severity>
            <Dynamic></Dynamic>
            <Dynamic>\/a0[5]</Dynamic>
        </Message>
        <Message>
            <ID>35931002</ID>
            <Severity>Warning</Severity>
            <Dynamic></Dynamic>
            <Dynamic>\/a1[1]</Dynamic>
        </Message>
        <Message>
            <ID>35931002</ID>
            <Severity>Warning</Severity>
            <Dynamic></Dynamic>
            <Dynamic>\/a0[0]</Dynamic>
        </Message>
        <Message>
            <ID>35931002</ID>
            <Severity>Warning</Severity>
            <Dynamic></Dynamic>
            <Dynamic>\/a1[6]</Dynamic>
        </Message>
        <Message>
            <ID>35931002</ID>
            <Severity>Warning</Severity>
            <Dynamic></Dynamic>
            <Dynamic>\/a1[5]</Dynamic>
        </Message>
        <Message>
            <ID>35931002</ID>
            <Severity>Warning</Severity>
            <Dynamic></Dynamic>
            <Dynamic>\/a2[3]</Dynamic>
        </Message>
        <Message>
            <ID>35931002</ID>
            <Severity>Warning</Severity>
            <Dynamic></Dynamic>
            <Dynamic>\/a1[2]</Dynamic>
        </Message>
        <Message>
            <ID>35931002</ID>
            <Severity>Warning</Severity>
            <Dynamic></Dynamic>
            <Dynamic>\/a1[0]</Dynamic>
        </Message>
        <Message>
            <ID>35931002</ID>
            <Severity>Warning</Severity>
            <Dynamic></Dynamic>
            <Dynamic>\/a1[4]</Dynamic>
        </Message>
        <Message>
            <ID>35931002</ID>
            <Severity>Warning</Severity>
            <Dynamic></Dynamic>
            <Dynamic>\/a2[7]</Dynamic>
        </Message>
        <Message>
            <ID>35931002</ID>
            <Severity>Warning</Severity>
            <Dynamic></Dynamic>
            <Dynamic>\/a0[6]</Dynamic>
        </Message>
        <Message>
            <ID>35931013</ID>
            <Severity>Warning</Severity>
            <Dynamic>e:/code/fpga/ballplayer/ballplayer_impl/source/jumping.v(67): </Dynamic>
            <Dynamic>a[14]</Dynamic>
            <Navigation>e:/code/fpga/ballplayer/ballplayer_impl/source/jumping.v</Navigation>
            <Navigation>67</Navigation>
        </Message>
        <Message>
            <ID>35901108</ID>
            <Severity>Info</Severity>
            <Dynamic>E:/software/Diamond/ispfpga/userware/NT/SYNTHESIS_HEADERS/machxo2.v(1120): </Dynamic>
            <Dynamic>VHI</Dynamic>
            <Navigation>E:/software/Diamond/ispfpga/userware/NT/SYNTHESIS_HEADERS/machxo2.v</Navigation>
            <Navigation>1120</Navigation>
        </Message>
        <Message>
            <ID>35901108</ID>
            <Severity>Info</Severity>
            <Dynamic>E:/software/Diamond/ispfpga/userware/NT/SYNTHESIS_HEADERS/machxo2.v(43): </Dynamic>
            <Dynamic>AND2</Dynamic>
            <Navigation>E:/software/Diamond/ispfpga/userware/NT/SYNTHESIS_HEADERS/machxo2.v</Navigation>
            <Navigation>43</Navigation>
        </Message>
        <Message>
            <ID>35901108</ID>
            <Severity>Info</Severity>
            <Dynamic>E:/software/Diamond/ispfpga/userware/NT/SYNTHESIS_HEADERS/machxo2.v(138): </Dynamic>
            <Dynamic>FADD2B</Dynamic>
            <Navigation>E:/software/Diamond/ispfpga/userware/NT/SYNTHESIS_HEADERS/machxo2.v</Navigation>
            <Navigation>138</Navigation>
        </Message>
        <Message>
            <ID>35901108</ID>
            <Severity>Info</Severity>
            <Dynamic>E:/software/Diamond/ispfpga/userware/NT/SYNTHESIS_HEADERS/machxo2.v(684): </Dynamic>
            <Dynamic>MULT2</Dynamic>
            <Navigation>E:/software/Diamond/ispfpga/userware/NT/SYNTHESIS_HEADERS/machxo2.v</Navigation>
            <Navigation>684</Navigation>
        </Message>
        <Message>
            <ID>35901108</ID>
            <Severity>Info</Severity>
            <Dynamic>E:/software/Diamond/ispfpga/userware/NT/SYNTHESIS_HEADERS/machxo2.v(1124): </Dynamic>
            <Dynamic>VLO</Dynamic>
            <Navigation>E:/software/Diamond/ispfpga/userware/NT/SYNTHESIS_HEADERS/machxo2.v</Navigation>
            <Navigation>1124</Navigation>
        </Message>
        <Message>
            <ID>35931013</ID>
            <Severity>Warning</Severity>
            <Dynamic>e:/code/fpga/ballplayer/ballplayer_impl/source/jumping.v(67): </Dynamic>
            <Dynamic>a[10]</Dynamic>
            <Navigation>e:/code/fpga/ballplayer/ballplayer_impl/source/jumping.v</Navigation>
            <Navigation>67</Navigation>
        </Message>
        <Message>
            <ID>35901108</ID>
            <Severity>Info</Severity>
            <Dynamic>E:/software/Diamond/ispfpga/userware/NT/SYNTHESIS_HEADERS/machxo2.v(1120): </Dynamic>
            <Dynamic>VHI</Dynamic>
            <Navigation>E:/software/Diamond/ispfpga/userware/NT/SYNTHESIS_HEADERS/machxo2.v</Navigation>
            <Navigation>1120</Navigation>
        </Message>
        <Message>
            <ID>35901108</ID>
            <Severity>Info</Severity>
            <Dynamic>E:/software/Diamond/ispfpga/userware/NT/SYNTHESIS_HEADERS/machxo2.v(43): </Dynamic>
            <Dynamic>AND2</Dynamic>
            <Navigation>E:/software/Diamond/ispfpga/userware/NT/SYNTHESIS_HEADERS/machxo2.v</Navigation>
            <Navigation>43</Navigation>
        </Message>
        <Message>
            <ID>35901108</ID>
            <Severity>Info</Severity>
            <Dynamic>E:/software/Diamond/ispfpga/userware/NT/SYNTHESIS_HEADERS/machxo2.v(138): </Dynamic>
            <Dynamic>FADD2B</Dynamic>
            <Navigation>E:/software/Diamond/ispfpga/userware/NT/SYNTHESIS_HEADERS/machxo2.v</Navigation>
            <Navigation>138</Navigation>
        </Message>
        <Message>
            <ID>35901108</ID>
            <Severity>Info</Severity>
            <Dynamic>E:/software/Diamond/ispfpga/userware/NT/SYNTHESIS_HEADERS/machxo2.v(684): </Dynamic>
            <Dynamic>MULT2</Dynamic>
            <Navigation>E:/software/Diamond/ispfpga/userware/NT/SYNTHESIS_HEADERS/machxo2.v</Navigation>
            <Navigation>684</Navigation>
        </Message>
        <Message>
            <ID>35901108</ID>
            <Severity>Info</Severity>
            <Dynamic>E:/software/Diamond/ispfpga/userware/NT/SYNTHESIS_HEADERS/machxo2.v(1124): </Dynamic>
            <Dynamic>VLO</Dynamic>
            <Navigation>E:/software/Diamond/ispfpga/userware/NT/SYNTHESIS_HEADERS/machxo2.v</Navigation>
            <Navigation>1124</Navigation>
        </Message>
        <Message>
            <ID>35931013</ID>
            <Severity>Warning</Severity>
            <Dynamic>e:/code/fpga/ballplayer/ballplayer_impl/source/jumping.v(81): </Dynamic>
            <Dynamic>a[31]</Dynamic>
            <Navigation>e:/code/fpga/ballplayer/ballplayer_impl/source/jumping.v</Navigation>
            <Navigation>81</Navigation>
        </Message>
        <Message>
            <ID>35901108</ID>
            <Severity>Info</Severity>
            <Dynamic>E:/software/Diamond/ispfpga/userware/NT/SYNTHESIS_HEADERS/machxo2.v(1120): </Dynamic>
            <Dynamic>VHI</Dynamic>
            <Navigation>E:/software/Diamond/ispfpga/userware/NT/SYNTHESIS_HEADERS/machxo2.v</Navigation>
            <Navigation>1120</Navigation>
        </Message>
        <Message>
            <ID>35901108</ID>
            <Severity>Info</Severity>
            <Dynamic>E:/software/Diamond/ispfpga/userware/NT/SYNTHESIS_HEADERS/machxo2.v(43): </Dynamic>
            <Dynamic>AND2</Dynamic>
            <Navigation>E:/software/Diamond/ispfpga/userware/NT/SYNTHESIS_HEADERS/machxo2.v</Navigation>
            <Navigation>43</Navigation>
        </Message>
        <Message>
            <ID>35901108</ID>
            <Severity>Info</Severity>
            <Dynamic>E:/software/Diamond/ispfpga/userware/NT/SYNTHESIS_HEADERS/machxo2.v(138): </Dynamic>
            <Dynamic>FADD2B</Dynamic>
            <Navigation>E:/software/Diamond/ispfpga/userware/NT/SYNTHESIS_HEADERS/machxo2.v</Navigation>
            <Navigation>138</Navigation>
        </Message>
        <Message>
            <ID>35901108</ID>
            <Severity>Info</Severity>
            <Dynamic>E:/software/Diamond/ispfpga/userware/NT/SYNTHESIS_HEADERS/machxo2.v(684): </Dynamic>
            <Dynamic>MULT2</Dynamic>
            <Navigation>E:/software/Diamond/ispfpga/userware/NT/SYNTHESIS_HEADERS/machxo2.v</Navigation>
            <Navigation>684</Navigation>
        </Message>
        <Message>
            <ID>35901108</ID>
            <Severity>Info</Severity>
            <Dynamic>E:/software/Diamond/ispfpga/userware/NT/SYNTHESIS_HEADERS/machxo2.v(1124): </Dynamic>
            <Dynamic>VLO</Dynamic>
            <Navigation>E:/software/Diamond/ispfpga/userware/NT/SYNTHESIS_HEADERS/machxo2.v</Navigation>
            <Navigation>1124</Navigation>
        </Message>
        <Message>
            <ID>35901108</ID>
            <Severity>Info</Severity>
            <Dynamic>mult_32u_3u.v(8): </Dynamic>
            <Dynamic>mult_32u_3u</Dynamic>
            <Navigation>mult_32u_3u.v</Navigation>
            <Navigation>8</Navigation>
        </Message>
        <Message>
            <ID>35931013</ID>
            <Severity>Warning</Severity>
            <Dynamic>e:/code/fpga/ballplayer/ballplayer_impl/source/jumping.v(122): </Dynamic>
            <Dynamic>a[31]</Dynamic>
            <Navigation>e:/code/fpga/ballplayer/ballplayer_impl/source/jumping.v</Navigation>
            <Navigation>122</Navigation>
        </Message>
        <Message>
            <ID>35901108</ID>
            <Severity>Info</Severity>
            <Dynamic>E:/software/Diamond/ispfpga/userware/NT/SYNTHESIS_HEADERS/machxo2.v(1120): </Dynamic>
            <Dynamic>VHI</Dynamic>
            <Navigation>E:/software/Diamond/ispfpga/userware/NT/SYNTHESIS_HEADERS/machxo2.v</Navigation>
            <Navigation>1120</Navigation>
        </Message>
        <Message>
            <ID>35901108</ID>
            <Severity>Info</Severity>
            <Dynamic>E:/software/Diamond/ispfpga/userware/NT/SYNTHESIS_HEADERS/machxo2.v(43): </Dynamic>
            <Dynamic>AND2</Dynamic>
            <Navigation>E:/software/Diamond/ispfpga/userware/NT/SYNTHESIS_HEADERS/machxo2.v</Navigation>
            <Navigation>43</Navigation>
        </Message>
        <Message>
            <ID>35901108</ID>
            <Severity>Info</Severity>
            <Dynamic>E:/software/Diamond/ispfpga/userware/NT/SYNTHESIS_HEADERS/machxo2.v(138): </Dynamic>
            <Dynamic>FADD2B</Dynamic>
            <Navigation>E:/software/Diamond/ispfpga/userware/NT/SYNTHESIS_HEADERS/machxo2.v</Navigation>
            <Navigation>138</Navigation>
        </Message>
        <Message>
            <ID>35901108</ID>
            <Severity>Info</Severity>
            <Dynamic>E:/software/Diamond/ispfpga/userware/NT/SYNTHESIS_HEADERS/machxo2.v(684): </Dynamic>
            <Dynamic>MULT2</Dynamic>
            <Navigation>E:/software/Diamond/ispfpga/userware/NT/SYNTHESIS_HEADERS/machxo2.v</Navigation>
            <Navigation>684</Navigation>
        </Message>
        <Message>
            <ID>35901108</ID>
            <Severity>Info</Severity>
            <Dynamic>E:/software/Diamond/ispfpga/userware/NT/SYNTHESIS_HEADERS/machxo2.v(1124): </Dynamic>
            <Dynamic>VLO</Dynamic>
            <Navigation>E:/software/Diamond/ispfpga/userware/NT/SYNTHESIS_HEADERS/machxo2.v</Navigation>
            <Navigation>1124</Navigation>
        </Message>
        <Message>
            <ID>35901108</ID>
            <Severity>Info</Severity>
            <Dynamic>mult_15u_15u.v(8): </Dynamic>
            <Dynamic>mult_15u_15u</Dynamic>
            <Navigation>mult_15u_15u.v</Navigation>
            <Navigation>8</Navigation>
        </Message>
        <Message>
            <ID>35931013</ID>
            <Severity>Warning</Severity>
            <Dynamic>e:/code/fpga/ballplayer/ballplayer_impl/source/jumping.v(144): </Dynamic>
            <Dynamic>a[14]</Dynamic>
            <Navigation>e:/code/fpga/ballplayer/ballplayer_impl/source/jumping.v</Navigation>
            <Navigation>144</Navigation>
        </Message>
        <Message>
            <ID>35901108</ID>
            <Severity>Info</Severity>
            <Dynamic>E:/software/Diamond/ispfpga/userware/NT/SYNTHESIS_HEADERS/machxo2.v(1120): </Dynamic>
            <Dynamic>VHI</Dynamic>
            <Navigation>E:/software/Diamond/ispfpga/userware/NT/SYNTHESIS_HEADERS/machxo2.v</Navigation>
            <Navigation>1120</Navigation>
        </Message>
        <Message>
            <ID>35901108</ID>
            <Severity>Info</Severity>
            <Dynamic>E:/software/Diamond/ispfpga/userware/NT/SYNTHESIS_HEADERS/machxo2.v(43): </Dynamic>
            <Dynamic>AND2</Dynamic>
            <Navigation>E:/software/Diamond/ispfpga/userware/NT/SYNTHESIS_HEADERS/machxo2.v</Navigation>
            <Navigation>43</Navigation>
        </Message>
        <Message>
            <ID>35901108</ID>
            <Severity>Info</Severity>
            <Dynamic>E:/software/Diamond/ispfpga/userware/NT/SYNTHESIS_HEADERS/machxo2.v(138): </Dynamic>
            <Dynamic>FADD2B</Dynamic>
            <Navigation>E:/software/Diamond/ispfpga/userware/NT/SYNTHESIS_HEADERS/machxo2.v</Navigation>
            <Navigation>138</Navigation>
        </Message>
        <Message>
            <ID>35901108</ID>
            <Severity>Info</Severity>
            <Dynamic>E:/software/Diamond/ispfpga/userware/NT/SYNTHESIS_HEADERS/machxo2.v(684): </Dynamic>
            <Dynamic>MULT2</Dynamic>
            <Navigation>E:/software/Diamond/ispfpga/userware/NT/SYNTHESIS_HEADERS/machxo2.v</Navigation>
            <Navigation>684</Navigation>
        </Message>
        <Message>
            <ID>35901108</ID>
            <Severity>Info</Severity>
            <Dynamic>E:/software/Diamond/ispfpga/userware/NT/SYNTHESIS_HEADERS/machxo2.v(1124): </Dynamic>
            <Dynamic>VLO</Dynamic>
            <Navigation>E:/software/Diamond/ispfpga/userware/NT/SYNTHESIS_HEADERS/machxo2.v</Navigation>
            <Navigation>1124</Navigation>
        </Message>
        <Message>
            <ID>35901108</ID>
            <Severity>Info</Severity>
            <Dynamic>mult_15u_15u.v(8): </Dynamic>
            <Dynamic>mult_15u_15u</Dynamic>
            <Navigation>mult_15u_15u.v</Navigation>
            <Navigation>8</Navigation>
        </Message>
        <Message>
            <ID>35931013</ID>
            <Severity>Warning</Severity>
            <Dynamic>e:/code/fpga/ballplayer/ballplayer_impl/source/jumping.v(144): </Dynamic>
            <Dynamic>a[14]</Dynamic>
            <Navigation>e:/code/fpga/ballplayer/ballplayer_impl/source/jumping.v</Navigation>
            <Navigation>144</Navigation>
        </Message>
        <Message>
            <ID>35935013</ID>
            <Severity>Warning</Severity>
            <Dynamic>e:/code/fpga/ballplayer/ballplayer_impl/source/rpr0521rs_driver.v(216): </Dynamic>
            <Dynamic>\u7/num_delay_i0_i0</Dynamic>
            <Navigation>e:/code/fpga/ballplayer/ballplayer_impl/source/rpr0521rs_driver.v</Navigation>
            <Navigation>216</Navigation>
        </Message>
        <Message>
            <ID>35935013</ID>
            <Severity>Warning</Severity>
            <Dynamic>e:/code/fpga/ballplayer/ballplayer_impl/source/lcd/lcd_show_pic.v(154): </Dynamic>
            <Dynamic>\lcd1/lcd_show_pic_inst/temp_i239</Dynamic>
            <Navigation>e:/code/fpga/ballplayer/ballplayer_impl/source/lcd/lcd_show_pic.v</Navigation>
            <Navigation>154</Navigation>
        </Message>
        <Message>
            <ID>35935014</ID>
            <Severity>Warning</Severity>
            <Dynamic>e:/code/fpga/ballplayer/ballplayer_impl/source/rpr0521rs_driver.v(216): </Dynamic>
            <Dynamic>\u7/num_delay_i0_i6</Dynamic>
            <Navigation>e:/code/fpga/ballplayer/ballplayer_impl/source/rpr0521rs_driver.v</Navigation>
            <Navigation>216</Navigation>
        </Message>
        <Message>
            <ID>35001779</ID>
            <Severity>Warning</Severity>
            <Dynamic>\jump/init_position_i0_8952_8953_set</Dynamic>
        </Message>
        <Message>
            <ID>35001779</ID>
            <Severity>Warning</Severity>
            <Dynamic>\jump/init_position_i8_8959_8960_set</Dynamic>
        </Message>
        <Message>
            <ID>35001779</ID>
            <Severity>Warning</Severity>
            <Dynamic>\jump/init_position_i7_8966_8967_set</Dynamic>
        </Message>
        <Message>
            <ID>35001779</ID>
            <Severity>Warning</Severity>
            <Dynamic>\jump/init_position_i6_8973_8974_set</Dynamic>
        </Message>
        <Message>
            <ID>35001779</ID>
            <Severity>Warning</Severity>
            <Dynamic>\jump/init_position_i5_8980_8981_set</Dynamic>
        </Message>
        <Message>
            <ID>35001779</ID>
            <Severity>Warning</Severity>
            <Dynamic>\jump/init_position_i4_8987_8988_set</Dynamic>
        </Message>
        <Message>
            <ID>35001779</ID>
            <Severity>Warning</Severity>
            <Dynamic>\jump/init_position_i3_8994_8995_set</Dynamic>
        </Message>
        <Message>
            <ID>35001779</ID>
            <Severity>Warning</Severity>
            <Dynamic>\jump/init_position_i2_9001_9002_set</Dynamic>
        </Message>
        <Message>
            <ID>35001779</ID>
            <Severity>Warning</Severity>
            <Dynamic>\jump/init_position_i1_9008_9009_set</Dynamic>
        </Message>
        <Message>
            <ID>35001611</ID>
            <Severity>Warning</Severity>
        </Message>
    </Task>
    <Task name="PAR">
        <Message>
            <ID>61001101</ID>
            <Severity>Warning</Severity>
        </Message>
        <Message>
            <ID>61091048</ID>
            <Severity>Warning</Severity>
            <Dynamic>pll_u2/PLLInst_0</Dynamic>
            <Dynamic>LPLL</Dynamic>
        </Message>
        <Message>
            <ID>61091048</ID>
            <Severity>Warning</Severity>
            <Dynamic>pll_u2/PLLInst_0</Dynamic>
            <Dynamic>LPLL</Dynamic>
        </Message>
        <Message>
            <ID>61091048</ID>
            <Severity>Warning</Severity>
            <Dynamic>pll_u2/PLLInst_0</Dynamic>
            <Dynamic>LPLL</Dynamic>
        </Message>
        <Message>
            <ID>61091062</ID>
            <Severity>Warning</Severity>
        </Message>
        <Message>
            <ID>61091050</ID>
            <Severity>Warning</Severity>
            <Dynamic>clk</Dynamic>
            <Dynamic>pll_u2/PLLInst_0</Dynamic>
            <Dynamic>C1</Dynamic>
            <Dynamic>PL4A</Dynamic>
        </Message>
        <Message>
            <ID>61061008</ID>
            <Severity>Warning</Severity>
            <Dynamic>clk_c</Dynamic>
            <Dynamic>Primary</Dynamic>
            <Dynamic>clk</Dynamic>
            <Dynamic>C1</Dynamic>
            <Dynamic>Primary</Dynamic>
        </Message>
        <Message>
            <ID>66011008</ID>
            <Severity>Warning</Severity>
            <Dynamic>
   Signal=pic_y_8__N_791 loads=3 clock_loads=1
   Signal=pic_y_8__N_782 loads=3 clock_loads=1
   Signal=pic_y_8__N_792 loads=3 clock_loads=1
   Signal=pic_y_8__N_785 loads=3 clock_loads=1
   Signal=pic_y_8__N_786 loads=3 clock_loads=1
   Signal=pic_y_8__N_787 loads=3 clock_loads=1
   Signal=pic_y_8__N_788 loads=3 clock_loads=1
   Signal=pic_y_8__N_789 loads=3 clock_loads=1
   Signal=pic_y_8__N_790 loads=3 clock_loads=1
   Signal=u7/clk_400khz loads=25 clock_loads=6</Dynamic>
        </Message>
        <Message>
            <ID>66011008</ID>
            <Severity>Warning</Severity>
            <Dynamic>
   Signal=pic_y_8__N_791 loads=3 clock_loads=1
   Signal=pic_y_8__N_782 loads=3 clock_loads=1
   Signal=pic_y_8__N_792 loads=3 clock_loads=1
   Signal=pic_y_8__N_785 loads=3 clock_loads=1
   Signal=pic_y_8__N_786 loads=3 clock_loads=1
   Signal=pic_y_8__N_787 loads=3 clock_loads=1
   Signal=pic_y_8__N_788 loads=3 clock_loads=1
   Signal=pic_y_8__N_789 loads=3 clock_loads=1
   Signal=pic_y_8__N_790 loads=3 clock_loads=1
   Signal=u7/clk_400khz loads=25 clock_loads=6</Dynamic>
        </Message>
    </Task>
    <Task name="TimingSimFileVHD">
        <Message>
            <ID>35400250</ID>
            <Severity>Info</Severity>
            <Dynamic>0</Dynamic>
        </Message>
    </Task>
    <Task name="Jedecgen">
        <Message>
            <ID>1009992</ID>
            <Severity>Info</Severity>
            <Dynamic> SW_XO3D_SECURITY_ENCRYPTION *NOT* controlled by xo2c00.acd ###</Dynamic>
        </Message>
        <Message>
            <ID>1009992</ID>
            <Severity>Info</Severity>
            <Dynamic> SW_XO3D_SECURITY_ENCRYPTION license_securityIP OK</Dynamic>
        </Message>
    </Task>
    <Task name="TimingSimFileVlg">
        <Message>
            <ID>35400250</ID>
            <Severity>Info</Severity>
            <Dynamic>0</Dynamic>
        </Message>
    </Task>
</BaliMessageLog>